archivo,hoja,bloque_id,categoria,n_filas,es_ruido,preview_texto
[BBDD] ANTIGUO RESPUESTAS EVALUACIÓN DOCENTE - EXP. UNIFRANZ POSTGRADO.xlsx,TBL EVALUACION DOCENTE,0,academico,16455,False,Nombre Completo | Grupos | Dirección de correo | Fecha | Programa | Módulo | 1. ¿La/El docente explica los conceptos de manera clara y comprensible? |...
[BBDD] ANTIGUO RESPUESTAS EVALUACIÓN DOCENTE - EXP. UNIFRANZ POSTGRADO.xlsx,TBL EXPERIENCIA UNIFRANZ,0,academico,2540,False,"Grupos | Dirección de correo | Fecha | Programa | 1. ¿Considera que los recursos tecnológicos proporcionados (aula virtual, videoconferencias, etc.) f..."
[BBDD] ANTIGUO RESPUESTAS EVALUACIÓN DOCENTE - EXP. UNIFRANZ POSTGRADO.xlsx,Análisis de Evaluación,0,academico,131,False,"EVALUACIÓN DEL DOCENTE
6. ¿Qué aspectos del estilo de enseñanza del docente considera que podrían mejorarse? | 4. ¿Qué otro contenido relacionado con ..."
Base centralizada Académica ARCA (1).xlsx,ACTAS DE NOTAS,0,academico,8661,False,N° | POS - ACTAS | CÉDULA DE IDENTIDAD | MES INICO | AÑO INCIO | APELLIDO PATERNO | APELLIDO MATERNO | NOMBRES | MÓDULO 1 | MÓDULO 2 | MÓDULO 3 | MÓDU...
Base centralizada Académica ARCA (1).xlsx,MODULOS,0,academico,2031,False,N° | POS - MODULO | N° POS | FECHA INICIO | FECHA FIN | TIPO DE PROGRAMA | DOCENTE | TIPO DE DOCENTE | MODULO | NOMBRE DEL PROGRAMA | HRS MODULO | PAG...
Base centralizada Académica ARCA (1).xlsx,PROGRMAS  DE BAJA,0,academico,2,False,N° | POS - IBP | NOMBRE DEL PROGRAMA | VERSIÓN | MES IBP | AÑO IBP | ESCUELA | INVERSION DEL PROGRAMA | PUNTO EQUILIBRIO | HORAS CLASE | GASTOS PROGRA...
Base centralizada Académica ARCA (1).xlsx,IBP,0,academico,749,False,N° | POS - IBP | NOMBRE DEL PROGRAMA | VERSIÓN | MES IBP | AÑO IBP | ESCUELA | INVERSION DEL PROGRAMA | PUNTO EQUILIBRIO | HORAS CLASE | GASTOS PROGRA...
Base centralizada Académica ARCA (1).xlsx,CRITERIOS,0,academico,16,False,"Estado academico | Estado reprobado | Estado ARCA | Combinaciones
Aprobado | Aprobado | Titulado | Aprobado | Aprobado | Titulado
Reprobado | Insufici..."
BD Cobranzas.xlsx,COBRANZAS 2024 2025,0,financiero,10018,False,TIPO DE PROGRAMA | FECHA DE LA PRIMERA FACTURA | POS | NOMBRE DEL PROGRAMA | ASESOR | CI | NOMBRES | PATERNO | MATERNO | CELULAR | CORREO ELECTRONICO ...
BD Cobranzas.xlsx,Hoja 8,0,academico,8,False,"POS | NOMBRE DEL PROGRAMA | ASESOR | CI | NOMBRES | PATERNO | MATERNO | CELULAR | COMENTARIO
POS-5385 | DIPLOMADO EN MEDICINA ESTÉTICA v. 25 | PATRICI..."
BD Cobranzas.xlsx,Hoja 12,0,financiero,8,False,"Estado academico | Estado reprobado | Estado ARCA | ESTADO ACADEMICO | ESTADO ARCA | ESTADO REPROBADO
Aprobado | Aprobado | Titulado | Aprobado | Titu..."
BD Cobranzas.xlsx,Hoja 12,1,financiero,3,False,Fecha de Facturación | N° de Factura | NIT | Razón Social | Concepto | Observaciones en la Factura | Canal de Pago | Categoria | Gestión que se esta p...
BD Cobranzas.xlsx,Hoja 12,2,financiero,8,False,"META 2026 | IDEAL | 0.3
JUNIO | 1512588 | 453776.4 | 450000
JULIO | 1622019 | 486605.7 | 450000
AGOSTO | 1644864 | 493459.2 | 480000
SEPTIEMBRE | 1667..."
BD Cobranzas.xlsx,Hoja 4,0,financiero,517,False,"POS | NOMBRE DEL PROGRAMA | FECHA INICIO | FECHA FINALIZACIÓN | INSCRITOS | DIPLOMAS EMITIDOS
POS-4939 | CURSO TABLAS DINÁMICAS EN MICROSOFT EXCEL v. ..."
BD Cobranzas.xlsx,Copia de COBRANZAS 2024 2025,0,financiero,5479,False,TIPO DE PROGRAMA | FECHA DE INICIO PLANILLA MICAELA | FECHA DE LA PRIMERA FACTURA | POS | NOMBRE DEL PROGRAMA | ASESOR | CI | NOMBRES | PATERNO | MATE...
BD Egresos.xlsx,egresos,0,financiero,1374,False,PROGRAMA | EGRESO ANTERIOR | EGRESO REAL | INGRESO | RENTABILIDAD | NOMBRE DEL PROGRAMA | TIPO DE PROGRAMA | ESTADO DEL PROGRAMA | COMENTARIOS | NRO P...
BD Egresos.xlsx,Gestiones,0,financiero,25,False,"TIPO DE INGRESO | MES | MES NUMERICO | EJECUTADO 2023 | EJECUTADO 2024 | EJECUTADO 2025 | META 2025 | % EJECUTADO 2025
POR PROGRAMAS | ENERO | 1 | 679..."
BD Egresos.xlsx,acumulados,0,financiero,13,False,"MES NUMERICO | MES | EJECUTADO 2023 | EJECUTADO 2024 | EJECUTADO 2025 | META 2025
1 | ENERO | Bs679.446 | Bs800.355 | Bs1.123.296 | Bs828.875
2 | FEBR..."
BD Techos.xlsx,BD Techos,0,financiero,208,False,N° | Gestión Techo | Coord. | Asistente | Asesor Comercial | Fecha Inicio | Fecha Conclusión | Escuela techo | Insitución | POS | EXP | Programa | Est...
EJECUTADO VS META.xlsx,EJECUTADO,0,financiero,25,False,CATEGORIA | MES | MES NUMERICO | EJECUTADO 2023 | META POR CATEGORIA 2024 | EJECUTADO 2024 | EJECUTADO 2025 | META POR CATEGORIA 2025 | EJECUTADO 2026...
EJECUTADO VS META.xlsx,GESTIONES,0,financiero,13,False,"MES | EJECUTADO 2023 | EJECUTADO 2024 | EJECUTADO 2025 | META 2025
ENERO | Bs679.446 | Bs800.355 | 1123296 | 828875 | 135.520555
FEBRERO | Bs1.171.260..."
Evaluación Docente y Unifranz.xlsx,DIP. EXP DOC. X MODULO,0,academico,4097,False,"información basica de las encuestas | Bloque 1. Contenido y Relevancia Estratégica
Por favor, califique las siguientes afirmaciones en una escala de 1..."
Evaluación Docente y Unifranz.xlsx,DIP. EXP UNIFRANZ,0,academico,518,False,"información basica de las encuestas | Bloque 1. Pertinencia y Actualización Global
Por favor, califique las siguientes afirmaciones en una escala de 1..."
Evaluación Docente y Unifranz.xlsx,FINAL EXPERTOCURSO,0,academico,277,False,"información basica de las encuestas | Bloque 1. Pertinencia y Actualización Global
Por favor, califique las siguientes afirmaciones en una escala de 1..."
Experiencia Docente 2.0.xlsx,CURSOS DOC 1,0,academico,995,False,Respuesta número | Nombre completo del usuario | Grupos | Dirección de correo | Fecha | Programa | 1. ¿La/El docente explica los conceptos de manera c...
Experiencia Docente 2.0.xlsx,DIPLOMADOS DOCENTE,0,academico,14398,False,N° | Nombre completo del usuario | Grupos | Dirección de correo | Fecha | Programa POS | Módulo | A 1. ¿La/El docente explica los conceptos de manera ...
Experiencia Docente 2.0.xlsx,CURSOS DOCENTE,0,academico,829,False,Respuesta número | Nombre completo del usuario | Grupos | Dirección de correo | Fecha | Programa | 1. ¿El docente explica los conceptos de manera clar...
Experiencia Docente 2.0.xlsx,DIPLOMADOS DOC 2,0,academico,1477,False,N° | Nombre completo del usuario | Grupos | Dirección de correo | Fecha | Programa | Módulo | 1. ¿El docente explica los conceptos de manera clara y c...
PLANIFICACION Y EJECUCION ACADÉMICA (INICIOS Y OKR`S).xlsx,Centralizado_Mensual,0,academico,55,False,Nº | FECHA | AÑO | MES | NOMBRE MES | TIPO DE PROGRAMA | ESCUELA | ORIGEN DEL PROGRAMA | DISEÑO CURRICULAR | TC (Cliente Externo) | TC (Cliente Pregra...
PLANIFICACION Y EJECUCION ACADÉMICA (INICIOS Y OKR`S).xlsx,Centralizado_Mensual,1,ruido,1,True,13
PLANIFICACION Y EJECUCION ACADÉMICA (INICIOS Y OKR`S).xlsx,Centralizado_Mensual,2,academico,176,False,True | 16 | 2026-03-01 00:00:00 | 2026 | 3 | marzo | Curso | Tecnología | Programas Propios | Operación regular | True | True | True | True | True | T...
PLANIFICACION Y EJECUCION ACADÉMICA (INICIOS Y OKR`S).xlsx,Centralizado_Mensual,3,academico,21,False,"PROGRAMAS QUE NO SE ENCUENTRAN EN LA OTRA PLANIFICACIÓN
DIPLOMADO EN DERECHO PENAL Y PROCESAL PENAL | 14 | 14
CURSO EN ATENCIÓN AL CLIENTE Y MANEJO DE..."
PLANIFICACION Y EJECUCION ACADÉMICA (INICIOS Y OKR`S).xlsx,Centralizado_Mensual,4,academico,2230,False,True | 10 | 2026-06-01 00:00:00 | 2026 | 6 | junio | Programa Experto | Negocios | Programas Propios | Operación regular | True | True | True | True |...
PLANIFICACION Y EJECUCION ACADÉMICA (INICIOS Y OKR`S).xlsx,Julio-2025,0,academico,24,False,Nº | FECHA | AÑO | MES | NOMBRE MES | TIPO DE PROGRAMA | ESCUELA | ORIGEN DEL PROGRAMA | DISEÑO CURRICULAR | TC (Cliente Externo) | TC (Cliente Pregra...
PLANIFICACION Y EJECUCION ACADÉMICA (INICIOS Y OKR`S).xlsx,Agosto-2025,0,academico,26,False,Nº | FECHA | AÑO | MES | NOMBRE MES | TIPO DE PROGRAMA | ESCUELA | ORIGEN DEL PROGRAMA | DISEÑO CURRICULAR | TC (Cliente Externo) | TC (Cliente Pregra...
PLANIFICACION Y EJECUCION ACADÉMICA (INICIOS Y OKR`S).xlsx,Septiembre-2025,0,academico,25,False,Nº | FECHA | AÑO | MES | NOMBRE MES | TIPO DE PROGRAMA | ESCUELA | ORIGEN DEL PROGRAMA | DISEÑO CURRICULAR | TC (Cliente Externo) | TC (Cliente Pregra...
PLANIFICACION Y EJECUCION ACADÉMICA (INICIOS Y OKR`S).xlsx,Octubre-2025,0,academico,31,False,Nº | FECHA | AÑO | MES | NOMBRE MES | TIPO DE PROGRAMA | ESCUELA | ORIGEN DEL PROGRAMA | DISEÑO CURRICULAR | TC (Cliente Externo) | TC (Cliente Pregra...
PLANIFICACION Y EJECUCION ACADÉMICA (INICIOS Y OKR`S).xlsx,Noviembre-2025,0,academico,29,False,Nº | FECHA | AÑO | MES | NOMBRE MES | TIPO DE PROGRAMA | ESCUELA | ORIGEN DEL PROGRAMA | DISEÑO CURRICULAR | TC (Cliente Externo) | TC (Cliente Pregra...
PLANIFICACION Y EJECUCION ACADÉMICA (INICIOS Y OKR`S).xlsx,Julio-2025 borrador,0,academico,25,False,Nº | FECHA DE PLANIFICACIÓN | AÑO | MES | NOMBRE MES | TIPO DE PROGRAMA | ESCUELA | CATEGORÍA DE ORIGEN DEL PROGRAMA | DISEÑO CURRICULAR | TC (Cliente...
PLANIFICACION Y EJECUCION ACADÉMICA (INICIOS Y OKR`S).xlsx,Diciembre-2025,0,academico,27,False,t | FECHA | AÑO | MES | NOMBRE MES | TIPO DE PROGRAMA | ESCUELA | ORIGEN DEL PROGRAMA | DISEÑO CURRICULAR | TC (Cliente Externo) | TC (Cliente Pregrad...
PLANIFICACION Y EJECUCION ACADÉMICA (INICIOS Y OKR`S).xlsx,Informe Gestión,0,academico,61,False,"RC1.1 - Incrementar el número de cursos de postgrado en un 10%
RC1.1.1 - Abrir 12 programas de Diplomado, 6 Programas Experto y 8 Cursos Cortos al mes..."
PLANIFICACION Y EJECUCION ACADÉMICA (INICIOS Y OKR`S).xlsx,Programas Notificados,0,academico,1046,False,AÑO | MES | Coordinador Académico | Asistente Académico | Responsable DAF | POS | Escuela | Tipo de programa | Programa | Versión | Edición | Fecha de...
PLANIFICACION Y EJECUCION ACADÉMICA (INICIOS Y OKR`S).xlsx,Enero-2026,0,academico,23,False,consultor.maria.valdivieso@unifranz.edu.bo | FECHA | AÑO | MES | NOMBRE MES | TIPO DE PROGRAMA | ESCUELA | ORIGEN DEL PROGRAMA | DISEÑO CURRICULAR | T...
PLANIFICACION Y EJECUCION ACADÉMICA (INICIOS Y OKR`S).xlsx,Febrero-2026,0,academico,33,False,A | FECHA | AÑO | MES | NOMBRE MES | TIPO DE PROGRAMA | ESCUELA | ORIGEN DEL PROGRAMA | DISEÑO CURRICULAR | TC (Cliente Externo) | TC (Cliente Pregrad...
PLANIFICACION Y EJECUCION ACADÉMICA (INICIOS Y OKR`S).xlsx,Febrero-2026,1,academico,2,False,"PROGRAMAS QUE NO SE ENCUENTRAN EN LA OTRA PLANIFICACIÓN
Bs 4.600,00 | DIPLOMADO EN GERENCIA ADMINISTRATIVA FINANCIERA | 13"
PLANIFICACION Y EJECUCION ACADÉMICA (INICIOS Y OKR`S).xlsx,Marzo-2026,0,academico,65,False,FECHA | AÑO | MES | NOMBRE MES | TIPO DE PROGRAMA | ESCUELA | ORIGEN DEL PROGRAMA | DISEÑO CURRICULAR | TC (Cliente Externo) | TC (Cliente Pregrado) |...
PLANIFICACION Y EJECUCION ACADÉMICA (INICIOS Y OKR`S).xlsx,Abril-2026,0,academico,69,False,FECHA | AÑO | MES | NOMBRE MES | TIPO DE PROGRAMA | ESCUELA | ORIGEN DEL PROGRAMA | DISEÑO CURRICULAR | TC (Cliente Externo) | TC (Cliente Pregrado) |...
PLANIFICACION Y EJECUCION ACADÉMICA (INICIOS Y OKR`S).xlsx,Mayo-2026,0,academico,45,False,farma | FECHA | AÑO | MES | NOMBRE MES | TIPO DE PROGRAMA | ESCUELA | ORIGEN DEL PROGRAMA | DISEÑO CURRICULAR | TC (Cliente Externo) | TC (Cliente Pre...
PLANIFICACION Y EJECUCION ACADÉMICA (INICIOS Y OKR`S).xlsx,Mayo-2026,1,academico,21,False,"PROGRAMAS QUE NO SE ENCUENTRAN EN LA OTRA PLANIFICACIÓN
Bs 4.200,00 | DIPLOMADO EN DERECHO PENAL Y PROCESAL PENAL | 14 | 14
Bs 450,00 | CURSO EN ATENC..."
PLANIFICACION Y EJECUCION ACADÉMICA (INICIOS Y OKR`S).xlsx,Junio-2026,0,academico,1026,False,FECHA | AÑO | MES | NOMBRE MES | TIPO DE PROGRAMA | ESCUELA | ORIGEN DEL PROGRAMA | DISEÑO CURRICULAR | TC (Cliente Externo) | TC (Cliente Pregrado) |...
PLANIFICACION Y EJECUCION ACADÉMICA (INICIOS Y OKR`S).xlsx,Julio-2026,0,academico,31,False,Nº | FECHA | AÑO | MES | NOMBRE MES | TIPO DE PROGRAMA | ESCUELA | ORIGEN DEL PROGRAMA | DISEÑO CURRICULAR | TC (Cliente Externo) | TC (Cliente Pregra...
PLANIFICACION Y EJECUCION ACADÉMICA (INICIOS Y OKR`S).xlsx,Agosto-2026,0,academico,39,False,Nº | FECHA | AÑO | MES | NOMBRE MES | TIPO DE PROGRAMA | ESCUELA | ORIGEN DEL PROGRAMA | DISEÑO CURRICULAR | TC (Cliente Externo) | TC (Cliente Pregra...
PLANIFICACION Y EJECUCION ACADÉMICA (INICIOS Y OKR`S).xlsx,Septiembre-2025boor,0,academico,32,False,Nº | FECHA DE PLANIFICACIÓN | AÑO | MES | NOMBRE MES | TIPO DE PROGRAMA | ESCUELA | POS | COORDINADOR ACADÉMICO | ASISTENTE | PRESENTACIÓN MEC | PROGR...
PLANIFICACION Y EJECUCION ACADÉMICA (INICIOS Y OKR`S).xlsx,Septiembre-2026,0,academico,37,False,Nº | FECHA | AÑO | MES | NOMBRE MES | TIPO DE PROGRAMA | ESCUELA | ORIGEN DEL PROGRAMA | DISEÑO CURRICULAR | TC (Cliente Externo) | TC (Cliente Pregra...
PLANIFICACION Y EJECUCION ACADÉMICA (INICIOS Y OKR`S).xlsx,Octubre-2026,0,academico,45,False,Nº | FECHA | AÑO | MES | NOMBRE MES | TIPO DE PROGRAMA | ESCUELA | ORIGEN DEL PROGRAMA | DISEÑO CURRICULAR | TC (Cliente Externo) | TC (Cliente Pregra...
PLANIFICACION Y EJECUCION ACADÉMICA (INICIOS Y OKR`S).xlsx,Noviembre-2026,0,academico,39,False,Nº | FECHA | AÑO | MES | NOMBRE MES | TIPO DE PROGRAMA | ESCUELA | ORIGEN DEL PROGRAMA | DISEÑO CURRICULAR | TC (Cliente Externo) | TC (Cliente Pregra...
PLANIFICACION Y EJECUCION ACADÉMICA (INICIOS Y OKR`S).xlsx,Diciembre-2026,0,academico,1020,False,Nº | FECHA | AÑO | MES | NOMBRE MES | TIPO DE PROGRAMA | ESCUELA | ORIGEN DEL PROGRAMA | DISEÑO CURRICULAR | TC (Cliente Externo) | TC (Cliente Pregra...
PLANIFICACION Y EJECUCION ACADÉMICA (INICIOS Y OKR`S).xlsx,Dashboard Programas,0,ruido,1,True,DASHBOARD DE ESTADO DE PROGRAMAS
PLANIFICACION Y EJECUCION ACADÉMICA (INICIOS Y OKR`S).xlsx,Dashboard Programas,1,academico,8,False,"MES | CANTIDAD DE PROGRAMAS | CANTIDAD DE PROGRAMAS | Fecha Inicio - Mes
ene | 17 | Tipo de programa | ene | feb | mar | abr | may | jun | jul | ago |..."
PLANIFICACION Y EJECUCION ACADÉMICA (INICIOS Y OKR`S).xlsx,Dashboard Programas,2,academico,14,False,"Fecha Inicio - Mes | COUNTA de Programa
ene | 0.06525037936267071
feb | 0.08042488619119878
mar | 0.0834597875569044
abr | 0.08801213960546282
may | 0..."
PLANIFICACION Y EJECUCION ACADÉMICA (INICIOS Y OKR`S).xlsx,Dashboard Académico,0,ruido,1,True,DASHBOARD SEGUIMIENTO ACADÉMICO
PLANIFICACION Y EJECUCION ACADÉMICA (INICIOS Y OKR`S).xlsx,Dashboard Académico,1,ruido,1,True,Mes
PLANIFICACION Y EJECUCION ACADÉMICA (INICIOS Y OKR`S).xlsx,Dashboard Académico,2,academico,6,False,"Coordinador Académico | COUNTA de Programa | Asistente Académico | COUNTA de Programa
Fernando Soliz | 181 | Daira Ñuflo | 42
Sharon Valencia | 354 | ..."
PLANIFICACION Y EJECUCION ACADÉMICA (INICIOS Y OKR`S).xlsx,Dashboard Académico,3,academico,15,False,"Tipo de programa | COUNTA de Tipo de programa | MES
0
Curso | 110 | Abril
Diplomado | 315 | Agosto
Programa Experto | 102 | Diciembre
Programa Experto..."
PLANIFICACION Y EJECUCION ACADÉMICA (INICIOS Y OKR`S).xlsx,Julio,0,academico,33,False,"INGRESOS EJECUTADOS VERSUS PROYECTADOS MES DE JULIO
PROYECTO (POS) | MES | FECHA DE NOTIFICACIÓN DEL PROGRAMA | FECHA DE INICIO DEL PROGRAMA | TIPO DE..."
PLANIFICACION Y EJECUCION ACADÉMICA (INICIOS Y OKR`S).xlsx,Agosto,0,academico,33,False,"INGRESOS EJECUTADOS VERSUS PROYECTADOS MES DE AGOSTO
PROYECTO (POS) | MES | FECHA DE NOTIFICACIÓN DEL PROGRAMA | FECHA DE INICIO DEL PROGRAMA | TIPO D..."
PLANIFICACION Y EJECUCION ACADÉMICA (INICIOS Y OKR`S).xlsx,Septiembre,0,academico,33,False,"INGRESOS EJECUTADOS VERSUS PROYECTADOS MES DE SEPTIEMBRE
PROYECTO (POS) | MES | FECHA DE NOTIFICACIÓN DEL PROGRAMA | FECHA DE INICIO DEL PROGRAMA | TI..."
PLANIFICACION Y EJECUCION ACADÉMICA (INICIOS Y OKR`S).xlsx,Octubre,0,academico,33,False,"INGRESOS EJECUTADOS VERSUS PROYECTADOS MES DE OCTUBRE
PROYECTO (POS) | MES | FECHA DE NOTIFICACIÓN DEL PROGRAMA | FECHA DE INICIO DEL PROGRAMA | TIPO ..."
PLANIFICACION Y EJECUCION ACADÉMICA (INICIOS Y OKR`S).xlsx,Noviembre,0,academico,33,False,"INGRESOS EJECUTADOS VERSUS PROYECTADOS MES DE NOVIEMBRE
PROYECTO (POS) | MES | FECHA DE NOTIFICACIÓN DEL PROGRAMA | FECHA DE INICIO DEL PROGRAMA | TIP..."
PLANIFICACION Y EJECUCION ACADÉMICA (INICIOS Y OKR`S).xlsx,Diciembre,0,academico,33,False,"INGRESOS EJECUTADOS VERSUS PROYECTADOS MES DE DICIEMBRE
PROYECTO (POS) | MES | FECHA DE NOTIFICACIÓN DEL PROGRAMA | FECHA DE INICIO DEL PROGRAMA | TIP..."
PLANIFICACION Y EJECUCION ACADÉMICA (INICIOS Y OKR`S).xlsx,Detalle Presupuestado-Proyectad,0,academico,300,False,PROYECTO (POS) | MES | FECHA DE NOTIFICACIÓN DEL PROGRAMA | FECHA DE INICIO DEL PROGRAMA | TIPO DE PROGRAMA | PROGRAMA | COSTO DE PROGRAMA | COSTO DEL...
TBL_INSCRITOS.xlsx,TBL_INSCRITOS,0,comercial,15197,False,MARCA TEMPORAL | NUMEROPROYECTO | NOMBRE DEL PROGRAMA | ASESOR | CI | NOMBRES | PATERNO | MATERNO | CELULAR | CORREO ELECTRONICO | GENERO | FECHA NACI...
TBL_INSCRITOS.xlsx,BAJAS POR DUPLICADOS,0,ruido,1,True,2025-01-13 09:34:20 | POS-5376 | PROGRAMA EXPERTO EN MICROSOFT POWER BI v. 10 | 4481263 | DIEGO ANDRES | DAVILA | ANDIA | ddavila1386@gmail.com | Masc...
